id,fromUserId,toUserId,source,message,status,createdAt,updatedAt
cmoe97a670026jy04f0pjnqbu,cmoe92tmy001jjy045h9ttx5y,demo-user-growth-wang-jingjing,recommendation,你好王晶晶，我是 W。我刚在 Livelink 生成了自己的 Agent 名片，看到你在 增长黑客 方向有相关经验，感觉我们可以聊聊「你做过最成功的增长实验是什么？」。我这边能提供 产品和 AI 应用落地经验，这是我的 Agent 名片：livelink.app/u/W-agent,pending,2026-04-25 11:26:08.893,2026-04-25 11:26:08.893
cmoeb1xpg0008if04grt6muol,cmoe92tmy001jjy045h9ttx5y,demo-user-community-zhou-ziheng,recommendation,你好周子衡，我是 W。我刚在 Livelink 生成了自己的 Agent 名片，看到你在 社区运营 方向有相关经验，感觉我们可以聊聊「你之前建过2个千人AI开发者社区，在寻找投资人丰富社区生态这块，目前有什么具体的规划吗？」。我这边能提供 产品和 AI 应用落地经验，这是我的 Agent 名片：livelink.app/u/W-agent,pending,2026-04-25 12:17:58.756,2026-04-25 12:17:58.756
cmoeb20t4000aif04dtmies6q,cmoe92tmy001jjy045h9ttx5y,demo-user-community-zhou-ziheng,recommendation,你好周子衡，我是 W。我刚在 Livelink 生成了自己的 Agent 名片，看到你在 社区运营 方向有相关经验，感觉我们可以聊聊「你之前建过2个千人AI开发者社区，在寻找投资人丰富社区生态这块，目前有什么具体的规划吗？」。我这边能提供 产品和 AI 应用落地经验，这是我的 Agent 名片：livelink.app/u/W-agent,pending,2026-04-25 12:18:02.768,2026-04-25 12:18:02.768
cmoeb20wv000cif0472pq3x2a,cmoe92tmy001jjy045h9ttx5y,demo-user-community-zhou-ziheng,recommendation,你好周子衡，我是 W。我刚在 Livelink 生成了自己的 Agent 名片，看到你在 社区运营 方向有相关经验，感觉我们可以聊聊「你之前建过2个千人AI开发者社区，在寻找投资人丰富社区生态这块，目前有什么具体的规划吗？」。我这边能提供 产品和 AI 应用落地经验，这是我的 Agent 名片：livelink.app/u/W-agent,pending,2026-04-25 12:18:02.911,2026-04-25 12:18:02.911
cmoeb20zt000eif04eko1gdc2,cmoe92tmy001jjy045h9ttx5y,demo-user-community-zhou-ziheng,recommendation,你好周子衡，我是 W。我刚在 Livelink 生成了自己的 Agent 名片，看到你在 社区运营 方向有相关经验，感觉我们可以聊聊「你之前建过2个千人AI开发者社区，在寻找投资人丰富社区生态这块，目前有什么具体的规划吗？」。我这边能提供 产品和 AI 应用落地经验，这是我的 Agent 名片：livelink.app/u/W-agent,pending,2026-04-25 12:18:03.018,2026-04-25 12:18:03.018
cmoeb21ee000gif041aqy82mq,cmoe92tmy001jjy045h9ttx5y,demo-user-community-zhou-ziheng,recommendation,你好周子衡，我是 W。我刚在 Livelink 生成了自己的 Agent 名片，看到你在 社区运营 方向有相关经验，感觉我们可以聊聊「你之前建过2个千人AI开发者社区，在寻找投资人丰富社区生态这块，目前有什么具体的规划吗？」。我这边能提供 产品和 AI 应用落地经验，这是我的 Agent 名片：livelink.app/u/W-agent,pending,2026-04-25 12:18:03.542,2026-04-25 12:18:03.542
cmoeb21ka000iif04ztgw85pn,cmoe92tmy001jjy045h9ttx5y,demo-user-community-zhou-ziheng,recommendation,你好周子衡，我是 W。我刚在 Livelink 生成了自己的 Agent 名片，看到你在 社区运营 方向有相关经验，感觉我们可以聊聊「你之前建过2个千人AI开发者社区，在寻找投资人丰富社区生态这块，目前有什么具体的规划吗？」。我这边能提供 产品和 AI 应用落地经验，这是我的 Agent 名片：livelink.app/u/W-agent,pending,2026-04-25 12:18:03.755,2026-04-25 12:18:03.755
cmoeb21q0000kif04lpnvvwt5,cmoe92tmy001jjy045h9ttx5y,demo-user-community-zhou-ziheng,recommendation,你好周子衡，我是 W。我刚在 Livelink 生成了自己的 Agent 名片，看到你在 社区运营 方向有相关经验，感觉我们可以聊聊「你之前建过2个千人AI开发者社区，在寻找投资人丰富社区生态这块，目前有什么具体的规划吗？」。我这边能提供 产品和 AI 应用落地经验，这是我的 Agent 名片：livelink.app/u/W-agent,pending,2026-04-25 12:18:03.961,2026-04-25 12:18:03.961
cmoeb25g2000mif04yrchatfm,cmoe92tmy001jjy045h9ttx5y,demo-user-community-zhou-ziheng,recommendation,你好周子衡，我是 W。我刚在 Livelink 生成了自己的 Agent 名片，看到你在 社区运营 方向有相关经验，感觉我们可以聊聊「你之前建过2个千人AI开发者社区，在寻找投资人丰富社区生态的过程中，有没有遇到过比较契合社区定位的投资方呀？」。我这边能提供 产品和 AI 应用落地经验，这是我的 Agent 名片：livelink.app/u/W-agent,pending,2026-04-25 12:18:08.786,2026-04-25 12:18:08.786
cmoeb27us000oif041jcx9h9t,cmoe92tmy001jjy045h9ttx5y,demo-user-community-zhou-ziheng,recommendation,你好周子衡，我是 W。我刚在 Livelink 生成了自己的 Agent 名片，看到你在 社区运营 方向有相关经验，感觉我们可以聊聊「你之前建过2个千人AI开发者社区，在寻找投资人丰富社区生态的过程中，有没有遇到过比较契合社区定位的投资方呀？」。我这边能提供 产品和 AI 应用落地经验，这是我的 Agent 名片：livelink.app/u/W-agent,pending,2026-04-25 12:18:11.909,2026-04-25 12:18:11.909
cmoeeo2hc0014l204vqzbd8tf,cmoeemhrd0000l20405yxh07k,demo-user-creator-liu-yuyan,recommendation,你好刘语嫣，我是 guojunqi。我刚在 Livelink 生成了自己的 Agent 名片，看到你在 内容创作 方向有相关经验，感觉我们可以聊聊「你最近发现什么有意思的AI产品？做自媒体内容的时候会不会优先选这类有亮点的AI产品做测评呀？」。我这边能提供 产品和 AI 应用落地经验，这是我的 Agent 名片：livelink.app/u/guojunqi-agent,pending,2026-04-25 13:59:10.224,2026-04-25 13:59:10.224
cmoef4gj9002tl204mh1rtayu,cmoeez0h50015l204plgfffa6,demo-user-investor-gao-tianyang,recommendation,你好高天阳，我是 许人冰。我刚在 Livelink 生成了自己的 Agent 名片，看到你在 早期投资 方向有相关经验，感觉我们可以聊聊「你所在的投资赛道明年最大的变量是什么？」。我这边能提供 产品和 AI 应用落地经验，这是我的 Agent 名片：livelink.app/u/许人冰-agent,pending,2026-04-25 14:11:54.933,2026-04-25 14:11:54.933
cmoefj1ej003hl204kmswc8hk,cmoeez0h50015l204plgfffa6,cmoeemhrd0000l20405yxh07k,recommendation,你好guojunqi，我是 许人冰。我刚在 Livelink 生成了自己的 Agent 名片，看到你在 ESG 方向有相关经验，感觉我们可以聊聊「你目前深耕AI教育方向，有哪些已经成型的AI落地想法可以分享吗？」。我这边能提供 产品和 AI 应用落地经验，这是我的 Agent 名片：livelink.app/u/许人冰-agent,pending,2026-04-25 14:23:15.164,2026-04-25 14:23:15.164
cmoehaek3000aib04vko1tx7d,cmoeh8cke0000ib04j7ggorvv,demo-user-investor-gao-tianyang,recommendation,你好高天阳，我是 B先生。我刚在 Livelink 生成了自己的 Agent 名片，看到你在 早期投资 方向有相关经验，感觉我们可以聊聊「你所在赛道明年最大的变量是什么？」。我这边能提供 产品和 AI 应用落地经验，这是我的 Agent 名片：livelink.app/u/B先生-agent,pending,2026-04-25 15:12:31.539,2026-04-25 15:12:31.539
